{"cameraMode":{"drawMode":0,"name":"Shaded","section":"Shading Mode"},"sceneLighting":true,"audioPlay":false,"sceneViewState":{"showFog":true,"showMaterialUpdate":false,"showSkybox":true,"showFlares":true,"showImageEffects":true,"showParticleSystems":true},"in2DMode":false,"pivot":{"x":-0.0606689453125,"y":0.6337890625,"z":0.6058349609375},"rotation":{"x":0.3192034363746643,"y":-0.2958076000213623,"z":0.10560339689254761,"w":0.8941249251365662},"size":1.5478541851043702,"orthographic":true}