{"cameraMode":{"drawMode":0,"name":"Shaded","section":"Shading Mode"},"sceneLighting":false,"audioPlay":false,"sceneViewState":{"showFog":true,"showMaterialUpdate":false,"showSkybox":false,"showFlares":true,"showImageEffects":true,"showParticleSystems":true},"in2DMode":false,"pivot":{"x":122.83258056640625,"y":238.38304138183595,"z":-190.19522094726563},"rotation":{"x":-0.3788597285747528,"y":0.25916555523872378,"z":-0.11127246171236038,"w":-0.881476879119873},"size":10.0,"orthographic":true}