{"cameraMode":{"drawMode":0,"name":"Shaded","section":"Shading Mode"},"sceneLighting":true,"audioPlay":false,"sceneViewState":{"showFog":true,"showMaterialUpdate":false,"showSkybox":true,"showFlares":true,"showImageEffects":true,"showParticleSystems":true},"in2DMode":false,"pivot":{"x":-0.05241668224334717,"y":0.04581514745950699,"z":-0.004369497299194336},"rotation":{"x":-0.3015214204788208,"y":0.3225318193435669,"z":-0.10909458994865418,"w":-0.8906466364860535},"size":1.6623551845550538,"orthographic":true}